<?xml version="1.0" encoding="UTF-8"?>
<project-private xmlns="http://www.netbeans.org/ns/project-private/1">
    <editor-bookmarks xmlns="http://www.netbeans.org/ns/editor-bookmarks/2" lastBookmarkId="0"/>
    <open-files xmlns="http://www.netbeans.org/ns/projectui-open-files/2">
        <group>
            <file>file:/D:/Javier/Documents/Repositorios/2DAM_21-22/PSP/UT-5%20Generacion%20de%20servicios%20en%20red/Actividades/Telnet/ServidorTelnet/src/servidortelnet/Main.java</file>
            <file>file:/D:/Javier/Documents/Repositorios/2DAM_21-22/PSP/UT-5%20Generacion%20de%20servicios%20en%20red/Actividades/Telnet/ServidorTelnet/src/servidortelnet/ServidorTelnet.java</file>
            <file>file:/D:/Javier/Documents/Repositorios/2DAM_21-22/PSP/UT-5%20Generacion%20de%20servicios%20en%20red/Actividades/Telnet/ServidorTelnet/src/servidortelnet/Cliente.java</file>
        </group>
    </open-files>
</project-private>
