<?xml version="1.0" encoding="UTF-8"?>
<project-private xmlns="http://www.netbeans.org/ns/project-private/1">
    <editor-bookmarks xmlns="http://www.netbeans.org/ns/editor-bookmarks/2" lastBookmarkId="0"/>
    <open-files xmlns="http://www.netbeans.org/ns/projectui-open-files/2">
        <group>
            <file>file:/D:/Javier/Documents/AD_Javier/UT-1%20Manejo%20de%20ficheros/PropietariosCasasXML/src/es/iespuertodelacruz/javier/propietarioscasasxml/entities/Propietario.java</file>
            <file>file:/D:/Javier/Documents/AD_Javier/UT-1%20Manejo%20de%20ficheros/PropietariosCasasXML/src/es/iespuertodelacruz/javier/propietarioscasasxml/xml/JavaToXMLString.java</file>
            <file>file:/D:/Javier/Documents/AD_Javier/UT-1%20Manejo%20de%20ficheros/PropietariosCasasXML/src/es/iespuertodelacruz/javier/propietarioscasasxml/entities/Casa.java</file>
        </group>
    </open-files>
</project-private>
