{
  "alumnos": [
    {
      "dni": "12312312K",
      "nombre": "María Luisa",
      "apellidos": "Gutiérrez",
      "fechaNacimiento": "1996-01-10"
    },
    {
      "dni": "12345678Z",
      "nombre": "Ana",
      "apellidos": "Martín",
      "fechaNacimiento": "2000-09-14"
    },
    {
      "dni": "78649965Q",
      "nombre": "Javier",
      "apellidos": "Martin Lorenzo",
      "fechaNacimiento": "2000-03-27"
    },
    {
      "dni": "87654321X",
      "nombre": "Marcos",
      "apellidos": "Afonso Jiménez",
      "fechaNacimiento": "1997-09-14"
    }
  ],
  "asignaturas": [
    {
      "idasignatura": 4,
      "curso": null,
      "nombre": null
    },
    {
      "idasignatura": 12,
      "curso": null,
      "nombre": null
    },
    {
      "idasignatura": 1,
      "curso": "1º DAM",
      "nombre": "BAE"
    },
    {
      "idasignatura": 6,
      "curso": "2º DAW",
      "nombre": "DPL"
    },
    {
      "idasignatura": 5,
      "curso": "2º DAW",
      "nombre": "DSW"
    },
    {
      "idasignatura": 3,
      "curso": "1º DAM",
      "nombre": "LND"
    },
    {
      "idasignatura": 8,
      "curso": "2º DAM",
      "nombre": "PGL"
    },
    {
      "idasignatura": 2,
      "curso": "2º DAM",
      "nombre": "PGV"
    },
    {
      "idasignatura": 7,
      "curso": "1º DAM",
      "nombre": "PRO"
    }
  ]
}